Workbook

Sheet Raw Data
A1: Age | B1: Attrition | C1: BusinessTravel | D1: DailyRate | E1: Department | F1: DistanceFromHome | G1: Education | H1: EducationField | I1: EmployeeCount | J1: EmployeeNumber | K1: EnvironmentSatisfaction | L1: Gender | M1: HourlyRate | N1: JobInvolvement | O1: JobLevel | P1: JobRole | Q1: JobSatisfaction | R1: MaritalStatus | S1: MonthlyIncome | T1: MonthlyRate | U1: NumCompaniesWorked | V1: Over18 | W1: OverTime | X1: PercentSalaryHike | Y1: PerformanceRating | Z1: RelationshipSatisfaction | AA1: StandardHours | AB1: StockOptionLevel | AC1: TotalWorkingYears | AD1: TrainingTimesLastYear | AE1: WorkLifeBalance | AF1: YearsAtCompany | AG1: YearsInCurrentRole | AH1: YearsSinceLastPromotion | AI1: YearsWithCurrManager
A2: 41 | B2: Yes | C2: Travel_Rarely | D2: 1102 | E2: Sales | F2: 1 | G2: 2 | H2: Life Sciences | I2: 1 | J2: 1 | K2: 2 | L2: Female | M2: 94 | N2: 3 | O2: 2 | P2: Sales Executive | Q2: 4 | R2: Single | S2: 5993 | T2: 19479 | U2: 8 | V2: Y | W2: Yes | X2: 11 | Y2: 3 | Z2: 1 | AA2: 80 | AB2: 0 | AC2: 8 | AD2: 0 | AE2: 1 | AF2: 6 | AG2: 4 | AH2: 0 | AI2: 5
A3: 49 | B3: No | C3: Travel_Frequently | D3: 279 | E3: Research & Development | F3: 8 | G3: 1 | H3: Life Sciences | I3: 1 | J3: 2 | K3: 3 | L3: Male | M3: 61 | N3: 2 | O3: 2 | P3: Research Scientist | Q3: 2 | R3: Married | S3: 5130 | T3: 24907 | U3: 1 | V3: Y | W3: No | X3: 23 | Y3: 4 | Z3: 4 | AA3: 80 | AB3: 1 | AC3: 10 | AD3: 3 | AE3: 3 | AF3: 10 | AG3: 7 | AH3: 1 | AI3: 7
A4: 37 | B4: Yes | C4: Travel_Rarely | D4: 1373 | E4: Research & Development | F4: 2 | G4: 2 | H4: Other | I4: 1 | J4: 4 | K4: 4 | L4: Male | M4: 92 | N4: 2 | O4: 1 | P4: Laboratory Technician | Q4: 3 | R4: Single | S4: 2090 | T4: 2396 | U4: 6 | V4: Y | W4: Yes | X4: 15 | Y4: 3 | Z4: 2 | AA4: 80 | AB4: 0 | AC4: 7 | AD4: 3 | AE4: 3 | AF4: 0 | AG4: 0 | AH4: 0 | AI4: 0
A5: 33 | B5: No | C5: Travel_Frequently | D5: 1392 | E5: Research & Development | F5: 3 | G5: 4 | H5: Life Sciences | I5: 1 | J5: 5 | K5: 4 | L5: Female | M5: 56 | N5: 3 | O5: 1 | P5: Research Scientist | Q5: 3 | R5: Married | S5: 2909 | T5: 23159 | U5: 1 | V5: Y | W5: Yes | X5: 11 | Y5: 3 | Z5: 3 | AA5: 80 | AB5: 0 | AC5: 8 | AD5: 3 | AE5: 3 | AF5: 8 | AG5: 7 | AH5: 3 | AI5: 0
A6: 27 | B6: No | C6: Travel_Rarely | D6: 591 | E6: Research & Development | F6: 2 | G6: 1 | H6: Medical | I6: 1 | J6: 7 | K6: 1 | L6: Male | M6: 40 | N6: 3 | O6: 1 | P6: Laboratory Technician | Q6: 2 | R6: Married | S6: 3468 | T6: 16632 | U6: 9 | V6: Y | W6: No | X6: 12 | Y6: 3 | Z6: 4 | AA6: 80 | AB6: 1 | AC6: 6 | AD6: 3 | AE6: 3 | AF6: 2 | AG6: 2 | AH6: 2 | AI6: 2
A7: 32 | B7: No | C7: Travel_Frequently | D7: 1005 | E7: Research & Development | F7: 2 | G7: 2 | H7: Life Sciences | I7: 1 | J7: 8 | K7: 4 | L7: Male | M7: 79 | N7: 3 | O7: 1 | P7: Laboratory Technician | Q7: 4 | R7: Single | S7: 3068 | T7: 11864 | U7: 0 | V7: Y | W7: No | X7: 13 | Y7: 3 | Z7: 3 | AA7: 80 | AB7: 0 | AC7: 8 | AD7: 2 | AE7: 2 | AF7: 7 | AG7: 7 | AH7: 3 | AI7: 6
A8: 59 | B8: No | C8: Travel_Rarely | D8: 1324 | E8: Research & Development | F8: 3 | G8: 3 | H8: Medical | I8: 1 | J8: 10 | K8: 3 | L8: Female | M8: 81 | N8: 4 | O8: 1 | P8: Laboratory Technician | Q8: 1 | R8: Married | S8: 2670 | T8: 9964 | U8: 4 | V8: Y | W8: Yes | X8: 20 | Y8: 4 | Z8: 1 | AA8: 80 | AB8: 3 | AC8: 12 | AD8: 3 | AE8: 2 | AF8: 1 | AG8: 0 | AH8: 0 | AI8: 0
A9: 30 | B9: No | C9: Travel_Rarely | D9: 1358 | E9: Research & Development | F9: 24 | G9: 1 | H9: Life Sciences | I9: 1 | J9: 11 | K9: 4 | L9: Male | M9: 67 | N9: 3 | O9: 1 | P9: Laboratory Technician | Q9: 3 | R9: Divorced | S9: 2693 | T9: 13335 | U9: 1 | V9: Y | W9: No | X9: 22 | Y9: 4 | Z9: 2 | AA9: 80 | AB9: 1 | AC9: 1 | AD9: 2 | AE9: 3 | AF9: 1 | AG9: 0 | AH9: 0 | AI9: 0
A10: 38 | B10: No | C10: Travel_Frequently | D10: 216 | E10: Research & Development | F10: 23 | G10: 3 | H10: Life Sciences | I10: 1 | J10: 12 | K10: 4 | L10: Male | M10: 44 | N10: 2 | O10: 3 | P10: Manufacturing Director | Q10: 3 | R10: Single | S10: 9526 | T10: 8787 | U10: 0 | V10: Y | W10: No | X10: 21 | Y10: 4 | Z10: 2 | AA10: 80 | AB10: 0 | AC10: 10 | AD10: 2 | AE10: 3 | AF10: 9 | AG10: 7 | AH10: 1 | AI10: 8
A11: 36 | B11: No | C11: Travel_Rarely | D11: 1299 | E11: Research & Development | F11: 27 | G11: 3 | H11: Medical | I11: 1 | J11: 13 | K11: 3 | L11: Male | M11: 94 | N11: 3 | O11: 2 | P11: Healthcare Representative | Q11: 3 | R11: Married | S11: 5237 | T11: 16577 | U11: 6 | V11: Y | W11: No | X11: 13 | Y11: 3 | Z11: 2 | AA11: 80 | AB11: 2 | AC11: 17 | AD11: 3 | AE11: 2 | AF11: 7 | AG11: 7 | AH11: 7 | AI11: 7
A12: 35 | B12: No | C12: Travel_Rarely | D12: 809 | E12: Research & Development | F12: 16 | G12: 3 | H12: Medical | I12: 1 | J12: 14 | K12: 1 | L12: Male | M12: 84 | N12: 4 | O12: 1 | P12: Laboratory Technician | Q12: 2 | R12: Married | S12: 2426 | T12: 16479 | U12: 0 | V12: Y | W12: No | X12: 13 | Y12: 3 | Z12: 3 | AA12: 80 | AB12: 1 | AC12: 6 | AD12: 5 | AE12: 3 | AF12: 5 | AG12: 4 | AH12: 0 | AI12: 3
A13: 29 | B13: No | C13: Travel_Rarely | D13: 153 | E13: Research & Development | F13: 15 | G13: 2 | H13: Life Sciences | I13: 1 | J13: 15 | K13: 4 | L13: Female | M13: 49 | N13: 2 | O13: 2 | P13: Laboratory Technician | Q13: 3 | R13: Single | S13: 4193 | T13: 12682 | U13: 0 | V13: Y | W13: Yes | X13: 12 | Y13: 3 | Z13: 4 | AA13: 80 | AB13: 0 | AC13: 10 | AD13: 3 | AE13: 3 | AF13: 9 | AG13: 5 | AH13: 0 | AI13: 8
... A1471: 34 | B1471: No | C1471: Travel_Rarely | D1471: 628 | E1471: Research & Development | F1471: 8 | G1471: 3 | H1471: Medical | I1471: 1 | J1471: 2068 | K1471: 2 | L1471: Male | M1471: 82 | N1471: 4 | O1471: 2 | P1471: Laboratory Technician | Q1471: 3 | R1471: Married | S1471: 4404 | T1471: 10228 | U1471: 2 | V1471: Y | W1471: No | X1471: 12 | Y1471: 3 | Z1471: 1 | AA1471: 80 | AB1471: 0 | AC1471: 6 | AD1471: 3 | AE1471: 4 | AF1471: 4 | AG1471: 3 | AH1471: 1 | AI1471: 2

Sheet DASHBOARD
A1: HR Analytics Dashboard | AA1: =COUNTA('Working Data'!B2:B1471) -> 1470 | AB1: =AVERAGE('Working Data'!R2:R1471) -> 6502.9313
AA2: =AVERAGE('Working Data'!W2:W1471) -> 3.1537415 | AB2: =COUNTIF('Working Data'!B2:B1471,"Yes")/COUNTA('Working Data'!B2:B1471) -> 0.16122449

Sheet Salary Band
A3: Row Labels | B3: Count of EmployeeNumber
A4: Low (0-3K) | B4: 395
A5: Mid (3-6K) | B5: 519
A6: High (6-10K) | B6: 275
A7: Very High (10K+) | B7: 281
A8: Grand Total | B8: 1470

Sheet Working Data
A1: Age | B1: Attrition | C1: BusinessTravel | D1: DailyRate | E1: Department | F1: DistanceFromHome | G1: Education | H1: EducationField | I1: EmployeeNumber | J1: EnvironmentSatisfaction | K1: Gender | L1: HourlyRate | M1: JobInvolvement | N1: JobLevel | O1: JobRole | P1: JobSatisfaction | Q1: MaritalStatus | R1: MonthlyIncome | S1: MonthlyRate | T1: NumCompaniesWorked | U1: OverTime | V1: PercentSalaryHike | W1: PerformanceRating | X1: RelationshipSatisfaction | Y1: StockOptionLevel | Z1: TotalWorkingYears | AA1: TrainingTimesLastYear | AB1: WorkLifeBalance | AC1: YearsAtCompany | AD1: YearsInCurrentRole | AE1: YearsSinceLastPromotion | AF1: YearsWithCurrManager | AG1: Age Band | AH1: Salary Band | AI1: Tenure Group | AJ1: Performance Label | AK1: Satisfaction Score | AL1: Annual Income
A2: 41 | B2: Yes | C2: Travel_Rarely | D2: 1102 | E2: Sales | F2: 1 | G2: 2 | H2: Life Sciences | I2: 1 | J2: 2 | K2: Female | L2: 94 | M2: 3 | N2: 2 | O2: Sales Executive | P2: 4 | Q2: Single | R2: 5993 | S2: 19479 | T2: 8 | U2: Yes | V2: 11 | W2: 3 | X2: 1 | Y2: 0 | Z2: 8 | AA2: 0 | AB2: 1 | AC2: 6 | AD2: 4 | AE2: 0 | AF2: 5 | AG2: =IF(A2<=25,"20-25",IF(A2<=35,"26-35",IF(A2<=45,"36-45","46+"))) -> 36-45 | AH2: =IF(R2<=3000,"Low (0-3K)",IF(R2<=6000,"Mid (3-6K)",IF(R2<=10000,"High (6-10K)","Very High (10K+)"))) -> Mid (3-6K) | AI2: =IF(AC2<=2,"0-2 yrs",IF(AC2<=5,"3-5 yrs",IF(AC2<=10,"6-10 yrs","10+ yrs"))) -> 6-10 yrs | AJ2: =IF(W2=4,"Excellent",IF(W2=3,"Good",IF(W2=2,"Needs Improvement","Poor"))) -> Good | AK2: =IF(P2=4,"Very Satisfied",IF(P2=3,"Satisfied",IF(P2=2,"Dissatisfied","Very Dissatisfied"))) -> Very Satisfied | AL2: =R2*12 -> 71916
A3: 49 | B3: No | C3: Travel_Frequently | D3: 279 | E3: Research & Development | F3: 8 | G3: 1 | H3: Life Sciences | I3: 2 | J3: 3 | K3: Male | L3: 61 | M3: 2 | N3: 2 | O3: Research Scientist | P3: 2 | Q3: Married | R3: 5130 | S3: 24907 | T3: 1 | U3: No | V3: 23 | W3: 4 | X3: 4 | Y3: 1 | Z3: 10 | AA3: 3 | AB3: 3 | AC3: 10 | AD3: 7 | AE3: 1 | AF3: 7 | AG3: =IF(A3<=25,"20-25",IF(A3<=35,"26-35",IF(A3<=45,"36-45","46+"))) -> 46+ | AH3: =IF(R3<=3000,"Low (0-3K)",IF(R3<=6000,"Mid (3-6K)",IF(R3<=10000,"High (6-10K)","Very High (10K+)"))) -> Mid (3-6K) | AI3: =IF(AC3<=2,"0-2 yrs",IF(AC3<=5,"3-5 yrs",IF(AC3<=10,"6-10 yrs","10+ yrs"))) -> 6-10 yrs | AJ3: =IF(W3=4,"Excellent",IF(W3=3,"Good",IF(W3=2,"Needs Improvement","Poor"))) -> Excellent | AK3: =IF(P3=4,"Very Satisfied",IF(P3=3,"Satisfied",IF(P3=2,"Dissatisfied","Very Dissatisfied"))) -> Dissatisfied | AL3: =R3*12 -> 61560 | AN3: Salary Band Count
A4: 37 | B4: Yes | C4: Travel_Rarely | D4: 1373 | E4: Research & Development | F4: 2 | G4: 2 | H4: Other | I4: 4 | J4: 4 | K4: Male | L4: 92 | M4: 2 | N4: 1 | O4: Laboratory Technician | P4: 3 | Q4: Single | R4: 2090 | S4: 2396 | T4: 6 | U4: Yes | V4: 15 | W4: 3 | X4: 2 | Y4: 0 | Z4: 7 | AA4: 3 | AB4: 3 | AC4: 0 | AD4: 0 | AE4: 0 | AF4: 0 | AG4: =IF(A4<=25,"20-25",IF(A4<=35,"26-35",IF(A4<=45,"36-45","46+"))) -> 36-45 | AH4: =IF(R4<=3000,"Low (0-3K)",IF(R4<=6000,"Mid (3-6K)",IF(R4<=10000,"High (6-10K)","Very High (10K+)"))) -> Low (0-3K) | AI4: =IF(AC4<=2,"0-2 yrs",IF(AC4<=5,"3-5 yrs",IF(AC4<=10,"6-10 yrs","10+ yrs"))) -> 0-2 yrs | AJ4: =IF(W4=4,"Excellent",IF(W4=3,"Good",IF(W4=2,"Needs Improvement","Poor"))) -> Good | AK4: =IF(P4=4,"Very Satisfied",IF(P4=3,"Satisfied",IF(P4=2,"Dissatisfied","Very Dissatisfied"))) -> Satisfied | AL4: =R4*12 -> 25080 | AN4: =COUNTIF('Working Data'!AH:AH,"Low (0-3K)") -> 395 | AO4: =COUNTIF('Working Data'!AG:AG,"20-25") -> 123
A5: 33 | B5: No | C5: Travel_Frequently | D5: 1392 | E5: Research & Development | F5: 3 | G5: 4 | H5: Life Sciences | I5: 5 | J5: 4 | K5: Female | L5: 56 | M5: 3 | N5: 1 | O5: Research Scientist | P5: 3 | Q5: Married | R5: 2909 | S5: 23159 | T5: 1 | U5: Yes | V5: 11 | W5: 3 | X5: 3 | Y5: 0 | Z5: 8 | AA5: 3 | AB5: 3 | AC5: 8 | AD5: 7 | AE5: 3 | AF5: 0 | AG5: =IF(A5<=25,"20-25",IF(A5<=35,"26-35",IF(A5<=45,"36-45","46+"))) -> 26-35 | AH5: =IF(R5<=3000,"Low (0-3K)",IF(R5<=6000,"Mid (3-6K)",IF(R5<=10000,"High (6-10K)","Very High (10K+)"))) -> Low (0-3K) | AI5: =IF(AC5<=2,"0-2 yrs",IF(AC5<=5,"3-5 yrs",IF(AC5<=10,"6-10 yrs","10+ yrs"))) -> 6-10 yrs | AJ5: =IF(W5=4,"Excellent",IF(W5=3,"Good",IF(W5=2,"Needs Improvement","Poor"))) -> Good | AK5: =IF(P5=4,"Very Satisfied",IF(P5=3,"Satisfied",IF(P5=2,"Dissatisfied","Very Dissatisfied"))) -> Satisfied | AL5: =R5*12 -> 34908 | AN5: =COUNTIF('Working Data'!AH:AH,"Mid (3-6K)") -> 519 | AO5: =COUNTIF('Working Data'!AG:AG,"26-35") -> 606
A6: 27 | B6: No | C6: Travel_Rarely | D6: 591 | E6: Research & Development | F6: 2 | G6: 1 | H6: Medical | I6: 7 | J6: 1 | K6: Male | L6: 40 | M6: 3 | N6: 1 | O6: Laboratory Technician | P6: 2 | Q6: Married | R6: 3468 | S6: 16632 | T6: 9 | U6: No | V6: 12 | W6: 3 | X6: 4 | Y6: 1 | Z6: 6 | AA6: 3 | AB6: 3 | AC6: 2 | AD6: 2 | AE6: 2 | AF6: 2 | AG6: =IF(A6<=25,"20-25",IF(A6<=35,"26-35",IF(A6<=45,"36-45","46+"))) -> 26-35 | AH6: =IF(R6<=3000,"Low (0-3K)",IF(R6<=6000,"Mid (3-6K)",IF(R6<=10000,"High (6-10K)","Very High (10K+)"))) -> Mid (3-6K) | AI6: =IF(AC6<=2,"0-2 yrs",IF(AC6<=5,"3-5 yrs",IF(AC6<=10,"6-10 yrs","10+ yrs"))) -> 0-2 yrs | AJ6: =IF(W6=4,"Excellent",IF(W6=3,"Good",IF(W6=2,"Needs Improvement","Poor"))) -> Good | AK6: =IF(P6=4,"Very Satisfied",IF(P6=3,"Satisfied",IF(P6=2,"Dissatisfied","Very Dissatisfied"))) -> Dissatisfied | AL6: =R6*12 -> 41616 | AN6: =COUNTIF('Working Data'!AH:AH,"High (6-10K)") -> 275 | AO6: =COUNTIF('Working Data'!AG:AG,"36-45") -> 468
A7: 32 | B7: No | C7: Travel_Frequently | D7: 1005 | E7: Research & Development | F7: 2 | G7: 2 | H7: Life Sciences | I7: 8 | J7: 4 | K7: Male | L7: 79 | M7: 3 | N7: 1 | O7: Laboratory Technician | P7: 4 | Q7: Single | R7: 3068 | S7: 11864 | T7: 0 | U7: No | V7: 13 | W7: 3 | X7: 3 | Y7: 0 | Z7: 8 | AA7: 2 | AB7: 2 | AC7: 7 | AD7: 7 | AE7: 3 | AF7: 6 | AG7: =IF(A7<=25,"20-25",IF(A7<=35,"26-35",IF(A7<=45,"36-45","46+"))) -> 26-35 | AH7: =IF(R7<=3000,"Low (0-3K)",IF(R7<=6000,"Mid (3-6K)",IF(R7<=10000,"High (6-10K)","Very High (10K+)"))) -> Mid (3-6K) | AI7: =IF(AC7<=2,"0-2 yrs",IF(AC7<=5,"3-5 yrs",IF(AC7<=10,"6-10 yrs","10+ yrs"))) -> 6-10 yrs | AJ7: =IF(W7=4,"Excellent",IF(W7=3,"Good",IF(W7=2,"Needs Improvement","Poor"))) -> Good | AK7: =IF(P7=4,"Very Satisfied",IF(P7=3,"Satisfied",IF(P7=2,"Dissatisfied","Very Dissatisfied"))) -> Very Satisfied | AL7: =R7*12 -> 36816 | AN7: =COUNTIF('Working Data'!AH:AH,"Very High (10K+)") -> 281 | AO7: =COUNTIF('Working Data'!AG:AG,"46+") -> 273
A8: 59 | B8: No | C8: Travel_Rarely | D8: 1324 | E8: Research & Development | F8: 3 | G8: 3 | H8: Medical | I8: 10 | J8: 3 | K8: Female | L8: 81 | M8: 4 | N8: 1 | O8: Laboratory Technician | P8: 1 | Q8: Married | R8: 2670 | S8: 9964 | T8: 4 | U8: Yes | V8: 20 | W8: 4 | X8: 1 | Y8: 3 | Z8: 12 | AA8: 3 | AB8: 2 | AC8: 1 | AD8: 0 | AE8: 0 | AF8: 0 | AG8: =IF(A8<=25,"20-25",IF(A8<=35,"26-35",IF(A8<=45,"36-45","46+"))) -> 46+ | AH8: =IF(R8<=3000,"Low (0-3K)",IF(R8<=6000,"Mid (3-6K)",IF(R8<=10000,"High (6-10K)","Very High (10K+)"))) -> Low (0-3K) | AI8: =IF(AC8<=2,"0-2 yrs",IF(AC8<=5,"3-5 yrs",IF(AC8<=10,"6-10 yrs","10+ yrs"))) -> 0-2 yrs | AJ8: =IF(W8=4,"Excellent",IF(W8=3,"Good",IF(W8=2,"Needs Improvement","Poor"))) -> Excellent | AK8: =IF(P8=4,"Very Satisfied",IF(P8=3,"Satisfied",IF(P8=2,"Dissatisfied","Very Dissatisfied"))) -> Very Dissatisfied | AL8: =R8*12 -> 32040
A9: 30 | B9: No | C9: Travel_Rarely | D9: 1358 | E9: Research & Development | F9: 24 | G9: 1 | H9: Life Sciences | I9: 11 | J9: 4 | K9: Male | L9: 67 | M9: 3 | N9: 1 | O9: Laboratory Technician | P9: 3 | Q9: Divorced | R9: 2693 | S9: 13335 | T9: 1 | U9: No | V9: 22 | W9: 4 | X9: 2 | Y9: 1 | Z9: 1 | AA9: 2 | AB9: 3 | AC9: 1 | AD9: 0 | AE9: 0 | AF9: 0 | AG9: =IF(A9<=25,"20-25",IF(A9<=35,"26-35",IF(A9<=45,"36-45","46+"))) -> 26-35 | AH9: =IF(R9<=3000,"Low (0-3K)",IF(R9<=6000,"Mid (3-6K)",IF(R9<=10000,"High (6-10K)","Very High (10K+)"))) -> Low (0-3K) | AI9: =IF(AC9<=2,"0-2 yrs",IF(AC9<=5,"3-5 yrs",IF(AC9<=10,"6-10 yrs","10+ yrs"))) -> 0-2 yrs | AJ9: =IF(W9=4,"Excellent",IF(W9=3,"Good",IF(W9=2,"Needs Improvement","Poor"))) -> Excellent | AK9: =IF(P9=4,"Very Satisfied",IF(P9=3,"Satisfied",IF(P9=2,"Dissatisfied","Very Dissatisfied"))) -> Satisfied | AL9: =R9*12 -> 32316
A10: 38 | B10: No | C10: Travel_Frequently | D10: 216 | E10: Research & Development | F10: 23 | G10: 3 | H10: Life Sciences | I10: 12 | J10: 4 | K10: Male | L10: 44 | M10: 2 | N10: 3 | O10: Manufacturing Director | P10: 3 | Q10: Single | R10: 9526 | S10: 8787 | T10: 0 | U10: No | V10: 21 | W10: 4 | X10: 2 | Y10: 0 | Z10: 10 | AA10: 2 | AB10: 3 | AC10: 9 | AD10: 7 | AE10: 1 | AF10: 8 | AG10: =IF(A10<=25,"20-25",IF(A10<=35,"26-35",IF(A10<=45,"36-45","46+"))) -> 36-45 | AH10: =IF(R10<=3000,"Low (0-3K)",IF(R10<=6000,"Mid (3-6K)",IF(R10<=10000,"High (6-10K)","Very High (10K+)"))) -> High (6-10K) | AI10: =IF(AC10<=2,"0-2 yrs",IF(AC10<=5,"3-5 yrs",IF(AC10<=10,"6-10 yrs","10+ yrs"))) -> 6-10 yrs | AJ10: =IF(W10=4,"Excellent",IF(W10=3,"Good",IF(W10=2,"Needs Improvement","Poor"))) -> Excellent | AK10: =IF(P10=4,"Very Satisfied",IF(P10=3,"Satisfied",IF(P10=2,"Dissatisfied","Very Dissatisfied"))) -> Satisfied | AL10: =R10*12 -> 114312
A11: 36 | B11: No | C11: Travel_Rarely | D11: 1299 | E11: Research & Development | F11: 27 | G11: 3 | H11: Medical | I11: 13 | J11: 3 | K11: Male | L11: 94 | M11: 3 | N11: 2 | O11: Healthcare Representative | P11: 3 | Q11: Married | R11: 5237 | S11: 16577 | T11: 6 | U11: No | V11: 13 | W11: 3 | X11: 2 | Y11: 2 | Z11: 17 | AA11: 3 | AB11: 2 | AC11: 7 | AD11: 7 | AE11: 7 | AF11: 7 | AG11: =IF(A11<=25,"20-25",IF(A11<=35,"26-35",IF(A11<=45,"36-45","46+"))) -> 36-45 | AH11: =IF(R11<=3000,"Low (0-3K)",IF(R11<=6000,"Mid (3-6K)",IF(R11<=10000,"High (6-10K)","Very High (10K+)"))) -> Mid (3-6K) | AI11: =IF(AC11<=2,"0-2 yrs",IF(AC11<=5,"3-5 yrs",IF(AC11<=10,"6-10 yrs","10+ yrs"))) -> 6-10 yrs | AJ11: =IF(W11=4,"Excellent",IF(W11=3,"Good",IF(W11=2,"Needs Improvement","Poor"))) -> Good | AK11: =IF(P11=4,"Very Satisfied",IF(P11=3,"Satisfied",IF(P11=2,"Dissatisfied","Very Dissatisfied"))) -> Satisfied | AL11: =R11*12 -> 62844
A12: 35 | B12: No | C12: Travel_Rarely | D12: 809 | E12: Research & Development | F12: 16 | G12: 3 | H12: Medical | I12: 14 | J12: 1 | K12: Male | L12: 84 | M12: 4 | N12: 1 | O12: Laboratory Technician | P12: 2 | Q12: Married | R12: 2426 | S12: 16479 | T12: 0 | U12: No | V12: 13 | W12: 3 | X12: 3 | Y12: 1 | Z12: 6 | AA12: 5 | AB12: 3 | AC12: 5 | AD12: 4 | AE12: 0 | AF12: 3 | AG12: =IF(A12<=25,"20-25",IF(A12<=35,"26-35",IF(A12<=45,"36-45","46+"))) -> 26-35 | AH12: =IF(R12<=3000,"Low (0-3K)",IF(R12<=6000,"Mid (3-6K)",IF(R12<=10000,"High (6-10K)","Very High (10K+)"))) -> Low (0-3K) | AI12: =IF(AC12<=2,"0-2 yrs",IF(AC12<=5,"3-5 yrs",IF(AC12<=10,"6-10 yrs","10+ yrs"))) -> 3-5 yrs | AJ12: =IF(W12=4,"Excellent",IF(W12=3,"Good",IF(W12=2,"Needs Improvement","Poor"))) -> Good | AK12: =IF(P12=4,"Very Satisfied",IF(P12=3,"Satisfied",IF(P12=2,"Dissatisfied","Very Dissatisfied"))) -> Dissatisfied | AL12: =R12*12 -> 29112
A13: 29 | B13: No | C13: Travel_Rarely | D13: 153 | E13: Research & Development | F13: 15 | G13: 2 | H13: Life Sciences | I13: 15 | J13: 4 | K13: Female | L13: 49 | M13: 2 | N13: 2 | O13: Laboratory Technician | P13: 3 | Q13: Single | R13: 4193 | S13: 12682 | T13: 0 | U13: Yes | V13: 12 | W13: 3 | X13: 4 | Y13: 0 | Z13: 10 | AA13: 3 | AB13: 3 | AC13: 9 | AD13: 5 | AE13: 0 | AF13: 8 | AG13: =IF(A13<=25,"20-25",IF(A13<=35,"26-35",IF(A13<=45,"36-45","46+"))) -> 26-35 | AH13: =IF(R13<=3000,"Low (0-3K)",IF(R13<=6000,"Mid (3-6K)",IF(R13<=10000,"High (6-10K)","Very High (10K+)"))) -> Mid (3-6K) | AI13: =IF(AC13<=2,"0-2 yrs",IF(AC13<=5,"3-5 yrs",IF(AC13<=10,"6-10 yrs","10+ yrs"))) -> 6-10 yrs | AJ13: =IF(W13=4,"Excellent",IF(W13=3,"Good",IF(W13=2,"Needs Improvement","Poor"))) -> Good | AK13: =IF(P13=4,"Very Satisfied",IF(P13=3,"Satisfied",IF(P13=2,"Dissatisfied","Very Dissatisfied"))) -> Satisfied | AL13: =R13*12 -> 50316
A14: 31 | B14: No | C14: Travel_Rarely | D14: 670 | E14: Research & Development | F14: 26 | G14: 1 | H14: Life Sciences | I14: 16 | J14: 1 | K14: Male | L14: 31 | M14: 3 | N14: 1 | O14: Research Scientist | P14: 3 | Q14: Divorced | R14: 2911 | S14: 15170 | T14: 1 | U14: No | V14: 17 | W14: 3 | X14: 4 | Y14: 1 | Z14: 5 | AA14: 1 | AB14: 2 | AC14: 5 | AD14: 2 | AE14: 4 | AF14: 3 | AG14: =IF(A14<=25,"20-25",IF(A14<=35,"26-35",IF(A14<=45,"36-45","46+"))) -> 26-35 | AH14: =IF(R14<=3000,"Low (0-3K)",IF(R14<=6000,"Mid (3-6K)",IF(R14<=10000,"High (6-10K)","Very High (10K+)"))) -> Low (0-3K) | AI14: =IF(AC14<=2,"0-2 yrs",IF(AC14<=5,"3-5 yrs",IF(AC14<=10,"6-10 yrs","10+ yrs"))) -> 3-5 yrs | AJ14: =IF(W14=4,"Excellent",IF(W14=3,"Good",IF(W14=2,"Needs Improvement","Poor"))) -> Good | AK14: =IF(P14=4,"Very Satisfied",IF(P14=3,"Satisfied",IF(P14=2,"Dissatisfied","Very Dissatisfied"))) -> Satisfied | AL14: =R14*12 -> 34932
A15: 34 | B15: No | C15: Travel_Rarely | D15: 1346 | E15: Research & Development | F15: 19 | G15: 2 | H15: Medical | I15: 18 | J15: 2 | K15: Male | L15: 93 | M15: 3 | N15: 1 | O15: Laboratory Technician | P15: 4 | Q15: Divorced | R15: 2661 | S15: 8758 | T15: 0 | U15: No | V15: 11 | W15: 3 | X15: 3 | Y15: 1 | Z15: 3 | AA15: 2 | AB15: 3 | AC15: 2 | AD15: 2 | AE15: 1 | AF15: 2 | AG15: =IF(A15<=25,"20-25",IF(A15<=35,"26-35",IF(A15<=45,"36-45","46+"))) -> 26-35 | AH15: =IF(R15<=3000,"Low (0-3K)",IF(R15<=6000,"Mid (3-6K)",IF(R15<=10000,"High (6-10K)","Very High (10K+)"))) -> Low (0-3K) | AI15: =IF(AC15<=2,"0-2 yrs",IF(AC15<=5,"3-5 yrs",IF(AC15<=10,"6-10 yrs","10+ yrs"))) -> 0-2 yrs | AJ15: =IF(W15=4,"Excellent",IF(W15=3,"Good",IF(W15=2,"Needs Improvement","Poor"))) -> Good | AK15: =IF(P15=4,"Very Satisfied",IF(P15=3,"Satisfied",IF(P15=2,"Dissatisfied","Very Dissatisfied"))) -> Very Satisfied | AL15: =R15*12 -> 31932
A16: 28 | B16: Yes | C16: Travel_Rarely | D16: 103 | E16: Research & Development | F16: 24 | G16: 3 | H16: Life Sciences | I16: 19 | J16: 3 | K16: Male | L16: 50 | M16: 2 | N16: 1 | O16: Laboratory Technician | P16: 3 | Q16: Single | R16: 2028 | S16: 12947 | T16: 5 | U16: Yes | V16: 14 | W16: 3 | X16: 2 | Y16: 0 | Z16: 6 | AA16: 4 | AB16: 3 | AC16: 4 | AD16: 2 | AE16: 0 | AF16: 3 | AG16: =IF(A16<=25,"20-25",IF(A16<=35,"26-35",IF(A16<=45,"36-45","46+"))) -> 26-35 | AH16: =IF(R16<=3000,"Low (0-3K)",IF(R16<=6000,"Mid (3-6K)",IF(R16<=10000,"High (6-10K)","Very High (10K+)"))) -> Low (0-3K) | AI16: =IF(AC16<=2,"0-2 yrs",IF(AC16<=5,"3-5 yrs",IF(AC16<=10,"6-10 yrs","10+ yrs"))) -> 3-5 yrs | AJ16: =IF(W16=4,"Excellent",IF(W16=3,"Good",IF(W16=2,"Needs Improvement","Poor"))) -> Good | AK16: =IF(P16=4,"Very Satisfied",IF(P16=3,"Satisfied",IF(P16=2,"Dissatisfied","Very Dissatisfied"))) -> Satisfied | AL16: =R16*12 -> 24336
A17: 29 | B17: No | C17: Travel_Rarely | D17: 1389 | E17: Research & Development | F17: 21 | G17: 4 | H17: Life Sciences | I17: 20 | J17: 2 | K17: Female | L17: 51 | M17: 4 | N17: 3 | O17: Manufacturing Director | P17: 1 | Q17: Divorced | R17: 9980 | S17: 10195 | T17: 1 | U17: No | V17: 11 | W17: 3 | X17: 3 | Y17: 1 | Z17: 10 | AA17: 1 | AB17: 3 | AC17: 10 | AD17: 9 | AE17: 8 | AF17: 8 | AG17: =IF(A17<=25,"20-25",IF(A17<=35,"26-35",IF(A17<=45,"36-45","46+"))) -> 26-35 | AH17: =IF(R17<=3000,"Low (0-3K)",IF(R17<=6000,"Mid (3-6K)",IF(R17<=10000,"High (6-10K)","Very High (10K+)"))) -> High (6-10K) | AI17: =IF(AC17<=2,"0-2 yrs",IF(AC17<=5,"3-5 yrs",IF(AC17<=10,"6-10 yrs","10+ yrs"))) -> 6-10 yrs | AJ17: =IF(W17=4,"Excellent",IF(W17=3,"Good",IF(W17=2,"Needs Improvement","Poor"))) -> Good | AK17: =IF(P17=4,"Very Satisfied",IF(P17=3,"Satisfied",IF(P17=2,"Dissatisfied","Very Dissatisfied"))) -> Very Dissatisfied | AL17: =R17*12 -> 119760
A18: 32 | B18: No | C18: Travel_Rarely | D18: 334 | E18: Research & Development | F18: 5 | G18: 2 | H18: Life Sciences | I18: 21 | J18: 1 | K18: Male | L18: 80 | M18: 4 | N18: 1 | O18: Research Scientist | P18: 2 | Q18: Divorced | R18: 3298 | S18: 15053 | T18: 0 | U18: Yes | V18: 12 | W18: 3 | X18: 4 | Y18: 2 | Z18: 7 | AA18: 5 | AB18: 2 | AC18: 6 | AD18: 2 | AE18: 0 | AF18: 5 | AG18: =IF(A18<=25,"20-25",IF(A18<=35,"26-35",IF(A18<=45,"36-45","46+"))) -> 26-35 | AH18: =IF(R18<=3000,"Low (0-3K)",IF(R18<=6000,"Mid (3-6K)",IF(R18<=10000,"High (6-10K)","Very High (10K+)"))) -> Mid (3-6K) | AI18: =IF(AC18<=2,"0-2 yrs",IF(AC18<=5,"3-5 yrs",IF(AC18<=10,"6-10 yrs","10+ yrs"))) -> 6-10 yrs | AJ18: =IF(W18=4,"Excellent",IF(W18=3,"Good",IF(W18=2,"Needs Improvement","Poor"))) -> Good | AK18: =IF(P18=4,"Very Satisfied",IF(P18=3,"Satisfied",IF(P18=2,"Dissatisfied","Very Dissatisfied"))) -> Dissatisfied | AL18: =R18*12 -> 39576
A19: 22 | B19: No | C19: Non-Travel | D19: 1123 | E19: Research & Development | F19: 16 | G19: 2 | H19: Medical | I19: 22 | J19: 4 | K19: Male | L19: 96 | M19: 4 | N19: 1 | O19: Laboratory Technician | P19: 4 | Q19: Divorced | R19: 2935 | S19: 7324 | T19: 1 | U19: Yes | V19: 13 | W19: 3 | X19: 2 | Y19: 2 | Z19: 1 | AA19: 2 | AB19: 2 | AC19: 1 | AD19: 0 | AE19: 0 | AF19: 0 | AG19: =IF(A19<=25,"20-25",IF(A19<=35,"26-35",IF(A19<=45,"36-45","46+"))) -> 20-25 | AH19: =IF(R19<=3000,"Low (0-3K)",IF(R19<=6000,"Mid (3-6K)",IF(R19<=10000,"High (6-10K)","Very High (10K+)"))) -> Low (0-3K) | AI19: =IF(AC19<=2,"0-2 yrs",IF(AC19<=5,"3-5 yrs",IF(AC19<=10,"6-10 yrs","10+ yrs"))) -> 0-2 yrs | AJ19: =IF(W19=4,"Excellent",IF(W19=3,"Good",IF(W19=2,"Needs Improvement","Poor"))) -> Good | AK19: =IF(P19=4,"Very Satisfied",IF(P19=3,"Satisfied",IF(P19=2,"Dissatisfied","Very Dissatisfied"))) -> Very Satisfied | AL19: =R19*12 -> 35220
... A1471: 34 | B1471: No | C1471: Travel_Rarely | D1471: 628 | E1471: Research & Development | F1471: 8 | G1471: 3 | H1471: Medical | I1471: 2068 | J1471: 2 | K1471: Male | L1471: 82 | M1471: 4 | N1471: 2 | O1471: Laboratory Technician | P1471: 3 | Q1471: Married | R1471: 4404 | S1471: 10228 | T1471: 2 | U1471: No | V1471: 12 | W1471: 3 | X1471: 1 | Y1471: 0 | Z1471: 6 | AA1471: 3 | AB1471: 4 | AC1471: 4 | AD1471: 3 | AE1471: 1 | AF1471: 2 | AG1471: =IF(A1471<=25,"20-25",IF(A1471<=35,"26-35",IF(A1471<=45,"36-45","46+"))) -> 26-35 | AH1471: =IF(R1471<=3000,"Low (0-3K)",IF(R1471<=6000,"Mid (3-6K)",IF(R1471<=10000,"High (6-10K)","Very High (10K+)"))) -> Mid (3-6K) | AI1471: =IF(AC1471<=2,"0-2 yrs",IF(AC1471<=5,"3-5 yrs",IF(AC1471<=10,"6-10 yrs","10+ yrs"))) -> 3-5 yrs | AJ1471: =IF(W1471=4,"Excellent",IF(W1471=3,"Good",IF(W1471=2,"Needs Improvement","Poor"))) -> Good | AK1471: =IF(P1471=4,"Very Satisfied",IF(P1471=3,"Satisfied",IF(P1471=2,"Dissatisfied","Very Dissatisfied"))) -> Satisfied | AL1471: =R1471*12 -> 52848

Sheet Salary Analysis
A3: Row Labels | B3: Avg salary by department
A4: Human Resources | B4: 6654.5079
A5: Research & Development | B5: 6281.2529
A6: Sales | B6: 6959.1726
A7: Grand Total | B7: 6502.9313

Sheet Performance
A3: Count of EmployeeNumber | B3: Column Labels
A4: Row Labels | B4: Good | C4: Excellent | D4: Grand Total
A5: Human Resources | B5: 54 | C5: 9 | D5: 63
A6: Research & Development | B6: 805 | C6: 156 | D6: 961
A7: Sales | B7: 385 | C7: 61 | D7: 446
A8: Grand Total | B8: 1244 | C8: 226 | D8: 1470
A12: Good | B12: 1244
A13: Excellent | B13: 226

Sheet Hiring Trends
A3: Age Band | B3: Count of EmployeeNumber
A4: 20-25 | B4: 123
A5: 26-35 | B5: 606
A6: 36-45 | B6: 468
A7: 46+ | B7: 273
A8: Grand Total | B8: 1470

Sheet Gender Pay
A3: Average of MonthlyIncome | B3: Column Labels
A4: Row Labels | B4: Female | C4: Male | D4: Grand Total
A5: 1 | B5: 2780.4874 | C5: 2790.6337 | D5: 2786.9153
A6: 2 | B6: 5435.3273 | C6: 5549.1847 | D6: 5502.2772
A7: 3 | B7: 9962.7021 | C7: 9706.9919 | D7: 9817.2523
A8: 4 | B8: 15431.373 | C8: 15570.927 | D8: 15503.783
A9: 5 | B9: 19129.917 | C9: 19224.844 | D9: 19191.826
A10: Grand Total | B10: 6686.5663 | C10: 6380.5079 | D10: 6502.9313

Sheet Overtime Impact
A1: Attrition | B1: Yes
A3: Row Labels | B3: Count of Attrition
A4: No | B4: 110
A5: Yes | B5: 127
A6: Grand Total | B6: 237
